CIVIL_AIRCRAFT, 4, A319-131, HS748A, CNA206, DHC8
SUBSTITUTIONS, 3, CNA210, ATR72, ATR42
HELICOPTERS, 0
MILITARY_AIRCRAFT, 0
TERRAIN_INTERVAL, 100.0
TERRAIN_CORNER_X, -8.0
TERRAIN_CORNER_Y, -8.0
TERRAIN_SIZE_X, 16.0
TERRAIN_SIZE_Y, 16.0
TERRAIN_ROTATION, 0.0
NMPLOT_TENSION, 2.0
NMPLOT_DEGREES, 5.0
NMPLOT_METERS, 50.0
TERRAIN_DIR, 
POLYLINE_FILE, 
CENSUS_DIR, 
CENSUS_TIGER_DIR, 
DXF_FILE, 
AMBIENT_DIR, 
BOUNDARY_FILE, 
GROUND_FILE, 
OPERATIONS_FILTER, ***************************************
RADAR_INPUT, 
RADAR_OUTPUT, 
RADAR_UNITS, E
RADAR_STUDY_CENTER, N
RADAR_USE_LAT/LONGS, N
RADAR_LAT/LONG, 0.000000, 0.000000
ACFT_MENU_TYPE, CIVIL
